ISIN,Security_Code,Security_Name
INE192R01011,,
INE235A01022,,
INE040A01034,,
INE237A01036,,
INE733E01010,,
INE134E01011,,
INE020B01018,,
INE200M01039,,
INE259A01022,,
INE419M01027,,
INE373A01013,,
INE376G01013,,
INE472A01039,,
INE288B01029,,
INE686Y01026,,
INE536A01023,,
INE267A01025,,
INE774D01024,,
INE495B01038,,
INE669C01036,,
INE00WC01027,,
INE07K301024,,
INE397D01024,,
INE522F01014,,
INE002A01018,,
INF209KB17D5,,
INF204KB14I2,,
INE674K01013,,
INE208A01029,,
INE949L01017,,
INE465A01025,,
INE118H01025,,
INE476A01022,,
INE148O01028,,
INE171A01029,,
INE200A01026,,
INE562A01011,,
INE947Q01028,,
INE498L01015,,
INE745G01043,,
INE139A01034,,
INE388Y01029,,
INE07Y701011,,
INE721A01047,,
INE494B01023,,
INE692A01016,,
INE205A01025,,
INE010B01027,,
INE976I01016,,
INE067A01029,,
INE081A01020,,
INF769K01KU7,,
INF846KA1119,,
INF769K01HI8,,
INF457M01133,,
INF769K01PR2,,
INF769K01OO2,,
INF769K01LQ3,,
INF179KC1FB2,,
INF740KA1UF4,,
INF109KC16I6,,
INF769K01IB1,,
INF109KC19W1,,
INF740KA1QL0,,
INF247L01DJ0,,
INF247L01FQ0,,
INF769K01FN2,,
INF109KC18W3,,
INF740KA1UR9,,
INE437A01024,,
INE323A01026,,
INE168A01041,,
INE249Z01020,,
INE839M01018,,
INE257A01026,,
INE018A01030,,
INE202B01038,,
INE117A01022,,
INE006I01046,,
INE406A01037,,
INE917I01010,,
INE263A01024,,
INE258A01024,,
INE029A01011,,
INE596I01020,,
INE120A01034,,
INE068V01023,,
INE176B01034,,
INE860A01027,,
INE0V6F01027,,
INE090A01021,,
INE765G01017,,
INE775A01035,,
INE584A01023,,
INE213A01029,,
INE891D01026,,
INE114A01011,,
INE062A01020,,
INE513A01022,,
INE044A01036,,
INE245A01021,,
INE325A01013,,
INE481G01011,,
INE918Z01012,,
INE127D01025,,
INE795G01014,,
INE276G01015,,
INE845D01014,,
INE545U01014,,
INE178A01016,,
INE571A01038,,
INE660A01013,,
INE203A01020,,
INF769K01LJ8,,
INF109KC10V2,,
INF846K01W80,,
INF109KC19O8,,
INF109KC17L8,,
INF179KC1HW4,,
INF109KC16E5,,
INF769K01LY7,,
INF247L01EV3,,
INF247L01023,,
INF247L01FO5,,
INF204KC1089,,
INF109KC1Y56,,
INE619B01017,,
INE075A01022,,
INE731H01025,,
INE382Z01011,,
INE914M01019,,
INE132H01018,,
INE836A01035,,
INE129A01019,,
INE671A01010,,
INE881D01027,,
INE274J01014,,
INE205C01021,,
INF740KA1QK2,,
INE371A01025,,
INE780C01023,,
INE095N01031,,
INE758E01017,,
INE066A01021,,
INE814H01029,,
INE685A01028,,
INE084A01016,,
INE494B04019,,
INF109KC16X5,,
INE227W01023,,
INE195A01028,,
INE226A01021,,
INE603J01030,,
INE752E01010,,
INE169A01031,,
INE007A01025,,
INE230A01023,,
INE008A01015,,
INE725E01024,,
INE415G01027,,
INE670A01012,,
INE585B01010,,
INE414G01012,,
INF109KC1NS5,,
INE027H01010,,
INE101A01026,,
INE702C01027,,
INE871C01038,,
INE736A01011,,
INE738I01010,,
INE930H01031,,
INE551W01018,,
INE021A01026,,
INE030A01027,,
INE123W01016,,
INE192A01025,,
INF174KA1XV0,,
INE0LZO01015,,
INE919H01018,,
INE022Q01020,,
INE536H01010,,
INE0W2G01015,,
INE003A01024,,
INE467B01029,,
INF740KA1RE3,,
INE298A01020,,
INE935A01035,,
INE038A01020,,
INE031B01049,,
INE742F01042,,
INF769K01LC3,,
INE811A01020,,
INE238A01034,,
INE010V01017,,
INE317I01021,,
INE342A01018,,
INE00H001014,,
INE155A01022,,
INE528G01035,,
INE531A01024,,
INE152M01016,,
INE158A01026,,
INE089A01031,,
INE854D01024,,
INE557A01011,,
INE299U01018,,
INE669E01016,,
INE393P01035,,
INE0BS701011,,
INE974X01010,,
INE615H01020,,
INE102D01028,,
INE918I01026,,
INE066F01020,,
INE206F01022,,
INE009A01021,,
INE228A01035,,
INE095I01015,,
INE318A01026,,
INF204KB19I1,,
INE242C01024,,
INE296A01032,,
INE421D01022,,
INE0IX101010,,
INF740KA1SW3,,
INE531E01026,,
INE281B01032,,
INE262H01021,,
INE959A01019,,
INE944F01028,,
INE151G01028,,
INE343H01029,,
INE935N01020,,
INE766P01016,,
INF754K01SE6,,
INE758T01015,,
INE214T01019,,
INE085A01013,,
INF109KC1Q72,,
INE292B01021,,
INE290S01011,,
INE010601016,,
INE361B01024,,
INF247L01CI4,,
INE885A01032,,
INE1TAE01010,,
INE989A01032,,
INE118A01012,,
INE377N01017,,
INE704P01025,,
INE182A01018,,
INE079A01024,,
INE08LI01020,,
INE285K01026,,
INE715A01015,,
INE271C01023,,
INE849A01020,,
INE154A01025,,
INE254N01026,,
INE931S01010,,
INE039A01010,,
INE017A01032,,
INF769K01KR3,,
INF740KA1SY9,,
INE028A01039,,
INE530B01024,,
INE160A01022,,
INE326A01037,,
INE0DD101019,,
INE813H01021,,
INE1NPP01017,,
INE880L01014,,
INE136B01020,,
INE138Y01010,,
INE732A01036,,
INE742B01025,,
INE12NJ01018,,
INE405E01023,,
INE364U01010,,
INE212S01015,,
INE782E01017,,
INE0CAZ01013,,
INE625G01013,,
INE851I01011,,
INE039C01032,,
INE573A01042,,
INE769A01020,,
INE464A01036,,
INE079J01017,,
INE549A01026,,
INE074B01023,,
INE855B01025,,
INE979A01025,,
INE922K01024,,
INE048B01035,,
INE850M01015,,
INE410P01011,,
INE614B01018,,
INE694L01019,,
INE1CLE01013,,
INE704J01044,,
INE445C01015,,
INE980Y01015,,
INE212I01016,,
INE191B01025,,
INE893J01029,,
INE589A01014,,
INE202E01016,,
INE171Z01026,,
INE177A01018,,
